<?xml version="1.0"?>
<!--
/**
 * Copyright © 2019 Scommerce Mage. All rights reserved.
 * See COPYING.txt for license details.
 */
-->
<config xmlns:xsi="http://www.w3.org/2001/XMLSchema-instance" xsi:noNamespaceSchemaLocation="urn:magento:framework:Event/etc/events.xsd">
    <event name="sales_order_creditmemo_save_after">
        <observer name="scommerce_trackingbase_admin_creditmemo_save_after" instance="Scommerce\TrackingBase\Observer\Adminhtml\CreditMemoSaveAfter" />
    </event>
    <event name="order_cancel_after">
        <observer name="scommerce_trackingbase_admin_order_cancel_after" instance="Scommerce\TrackingBase\Observer\Adminhtml\OrderCancelAfter" />
    </event>
    <event name="sales_order_place_after">
        <observer name="scommerce_trackingbase_admin_sales_order_place_after" instance="Scommerce\TrackingBase\Observer\Adminhtml\OrderPlaceAfter" />
    </event>
</config>
