{
    "exportFormatVersion": 2,
    "exportTime": "2024-03-27 06:02:40",
    "containerVersion": {
        "path": "accounts/6001468488/containers/31734282/versions/0",
        "accountId": "6001468488",
        "containerId": "31734282",
        "containerVersionId": "0",
        "container": {
            "path": "accounts/6001468488/containers/31734282",
            "accountId": "6001468488",
            "containerId": "31734282",
            "name": "test",
            "publicId": "GTM-XXXXX",
            "usageContext": [
                "WEB"
            ],
            "fingerprint": "1706161002552",
            "tagManagerUrl": "https://tagmanager.google.com/#/container/accounts/6001468488/containers/31734282/workspaces?apiLink=container",
            "features": {
                "supportUserPermissions": true,
                "supportEnvironments": true,
                "supportWorkspaces": true,
                "supportGtagConfigs": false,
                "supportBuiltInVariables": true,
                "supportClients": false,
                "supportFolders": true,
                "supportTags": true,
                "supportTemplates": true,
                "supportTriggers": true,
                "supportVariables": true,
                "supportVersions": true,
                "supportZones": true,
                "supportTransformations": false
            },
            "tagIds": [
                "GTM-XXXXX"
            ]
        },
        "tag": [
            {
                "accountId": "6001468488",
                "containerId": "31734282",
                "tagId": "1806",
                "name": "Conversion Linker Tag",
                "type": "gclidw",
                "parameter": [
                    {
                        "type": "BOOLEAN",
                        "key": "enableCrossDomain",
                        "value": "false"
                    },
                    {
                        "type": "BOOLEAN",
                        "key": "enableUrlPassthrough",
                        "value": "false"
                    },
                    {
                        "type": "BOOLEAN",
                        "key": "enableCookieOverrides",
                        "value": "false"
                    }
                ],
                "fingerprint": "1711456105864",
                "firingTriggerId": [
                    "2147479553"
                ],
                "tagFiringOption": "ONCE_PER_EVENT",
                "monitoringMetadata": {
                    "type": "MAP"
                },
                "consentSettings": {
                    "consentStatus": "NOT_SET"
                }
            },
            {
                "accountId": "6001468488",
                "containerId": "31734282",
                "tagId": "1815",
                "name": "Google Ads Conversion Tracking",
                "type": "awct",
                "parameter": [
                    {
                        "type": "TEMPLATE",
                        "key": "orderId",
                        "value": "{{Enhanced Conversion Transaction ID}}"
                    },
                    {
                        "type": "BOOLEAN",
                        "key": "enableProductReporting",
                        "value": "false"
                    },
                    {
                        "type": "TEMPLATE",
                        "key": "cssProvidedEnhancedConversionValue",
                        "value": "{{User Provided Data}}"
                    },
                    {
                        "type": "BOOLEAN",
                        "key": "enableShippingData",
                        "value": "false"
                    },
                    {
                        "type": "BOOLEAN",
                        "key": "enableNewCustomerReporting",
                        "value": "false"
                    },
                    {
                        "type": "BOOLEAN",
                        "key": "enableConversionLinker",
                        "value": "true"
                    },
                    {
                        "type": "TEMPLATE",
                        "key": "conversionValue",
                        "value": "{{Enhanced Conversion Value}}"
                    },
                    {
                        "type": "BOOLEAN",
                        "key": "enableEnhancedConversion",
                        "value": "true"
                    },
                    {
                        "type": "TEMPLATE",
                        "key": "conversionCookiePrefix",
                        "value": "_gcl"
                    },
                    {
                        "type": "TEMPLATE",
                        "key": "conversionId",
                        "value": "0"
                    },
                    {
                        "type": "TEMPLATE",
                        "key": "currencyCode",
                        "value": "{{Enhanced Conversion Currency}}"
                    },
                    {
                        "type": "TEMPLATE",
                        "key": "conversionLabel",
                        "value": "0"
                    },
                    {
                        "type": "BOOLEAN",
                        "key": "rdp",
                        "value": "false"
                    }
                ],
                "fingerprint": "1711456349442",
                "firingTriggerId": [
                    "1766"
                ],
                "tagFiringOption": "ONCE_PER_EVENT",
                "monitoringMetadata": {
                    "type": "MAP"
                },
                "consentSettings": {
                    "consentStatus": "NOT_SET"
                }
            }
        ],
        "trigger": [
            {
                "accountId": "6001468488",
                "containerId": "31734282",
                "triggerId": "1766",
                "name": "conversion_pii",
                "type": "CUSTOM_EVENT",
                "customEventFilter": [
                    {
                        "type": "EQUALS",
                        "parameter": [
                            {
                                "type": "TEMPLATE",
                                "key": "arg0",
                                "value": "{{_event}}"
                            },
                            {
                                "type": "TEMPLATE",
                                "key": "arg1",
                                "value": "conversion_pii"
                            }
                        ]
                    }
                ],
                "fingerprint": "1711439723739"
            }
        ],
        "variable": [
            {
                "accountId": "6001468488",
                "containerId": "31734282",
                "variableId": "1802",
                "name": "Enhanced Conversion Region",
                "type": "v",
                "parameter": [
                    {
                        "type": "INTEGER",
                        "key": "dataLayerVersion",
                        "value": "2"
                    },
                    {
                        "type": "BOOLEAN",
                        "key": "setDefaultValue",
                        "value": "false"
                    },
                    {
                        "type": "TEMPLATE",
                        "key": "name",
                        "value": "conversionData.address.region"
                    }
                ],
                "fingerprint": "1711456278500",
                "formatValue": {}
            },
            {
                "accountId": "6001468488",
                "containerId": "31734282",
                "variableId": "1803",
                "name": "Enhanced Conversion Country",
                "type": "v",
                "parameter": [
                    {
                        "type": "INTEGER",
                        "key": "dataLayerVersion",
                        "value": "2"
                    },
                    {
                        "type": "BOOLEAN",
                        "key": "setDefaultValue",
                        "value": "false"
                    },
                    {
                        "type": "TEMPLATE",
                        "key": "name",
                        "value": "conversionData.address.country"
                    }
                ],
                "fingerprint": "1711456190529",
                "formatValue": {}
            },
            {
                "accountId": "6001468488",
                "containerId": "31734282",
                "variableId": "1804",
                "name": "Enhanced Conversion Transaction ID",
                "type": "v",
                "parameter": [
                    {
                        "type": "INTEGER",
                        "key": "dataLayerVersion",
                        "value": "2"
                    },
                    {
                        "type": "BOOLEAN",
                        "key": "setDefaultValue",
                        "value": "false"
                    },
                    {
                        "type": "TEMPLATE",
                        "key": "name",
                        "value": "conversionData.transaction_id"
                    }
                ],
                "fingerprint": "1711456682336",
                "formatValue": {}
            },
            {
                "accountId": "6001468488",
                "containerId": "31734282",
                "variableId": "1805",
                "name": "Enhanced Conversion City",
                "type": "v",
                "parameter": [
                    {
                        "type": "INTEGER",
                        "key": "dataLayerVersion",
                        "value": "2"
                    },
                    {
                        "type": "BOOLEAN",
                        "key": "setDefaultValue",
                        "value": "false"
                    },
                    {
                        "type": "TEMPLATE",
                        "key": "name",
                        "value": "conversionData.address.city"
                    }
                ],
                "fingerprint": "1711456175576",
                "formatValue": {}
            },
            {
                "accountId": "6001468488",
                "containerId": "31734282",
                "variableId": "1807",
                "name": "Enhanced Conversion Hashed Email",
                "type": "v",
                "parameter": [
                    {
                        "type": "INTEGER",
                        "key": "dataLayerVersion",
                        "value": "2"
                    },
                    {
                        "type": "BOOLEAN",
                        "key": "setDefaultValue",
                        "value": "false"
                    },
                    {
                        "type": "TEMPLATE",
                        "key": "name",
                        "value": "conversionData.sha256_email_address"
                    }
                ],
                "fingerprint": "1711456489127",
                "formatValue": {}
            },
            {
                "accountId": "6001468488",
                "containerId": "31734282",
                "variableId": "1808",
                "name": "Enhanced Conversion Street",
                "type": "v",
                "parameter": [
                    {
                        "type": "INTEGER",
                        "key": "dataLayerVersion",
                        "value": "2"
                    },
                    {
                        "type": "BOOLEAN",
                        "key": "setDefaultValue",
                        "value": "false"
                    },
                    {
                        "type": "TEMPLATE",
                        "key": "name",
                        "value": "conversionData.address.street"
                    }
                ],
                "fingerprint": "1711456292062",
                "formatValue": {}
            },
            {
                "accountId": "6001468488",
                "containerId": "31734282",
                "variableId": "1809",
                "name": "Enhanced Conversion Hashed Phone",
                "type": "v",
                "parameter": [
                    {
                        "type": "INTEGER",
                        "key": "dataLayerVersion",
                        "value": "2"
                    },
                    {
                        "type": "BOOLEAN",
                        "key": "setDefaultValue",
                        "value": "false"
                    },
                    {
                        "type": "TEMPLATE",
                        "key": "name",
                        "value": "conversionData.sha256_phone_number"
                    }
                ],
                "fingerprint": "1711456518289",
                "formatValue": {}
            },
            {
                "accountId": "6001468488",
                "containerId": "31734282",
                "variableId": "1810",
                "name": "Enhanced Conversion Lastname",
                "type": "v",
                "parameter": [
                    {
                        "type": "INTEGER",
                        "key": "dataLayerVersion",
                        "value": "2"
                    },
                    {
                        "type": "BOOLEAN",
                        "key": "setDefaultValue",
                        "value": "false"
                    },
                    {
                        "type": "TEMPLATE",
                        "key": "name",
                        "value": "conversionData.address.sha256_last_name"
                    }
                ],
                "fingerprint": "1711464060065",
                "formatValue": {}
            },
            {
                "accountId": "6001468488",
                "containerId": "31734282",
                "variableId": "1811",
                "name": "Enhanced Conversion First Name",
                "type": "v",
                "parameter": [
                    {
                        "type": "INTEGER",
                        "key": "dataLayerVersion",
                        "value": "2"
                    },
                    {
                        "type": "BOOLEAN",
                        "key": "setDefaultValue",
                        "value": "false"
                    },
                    {
                        "type": "TEMPLATE",
                        "key": "name",
                        "value": "conversionData.address.sha256_first_name"
                    }
                ],
                "fingerprint": "1711464043216",
                "formatValue": {}
            },
            {
                "accountId": "6001468488",
                "containerId": "31734282",
                "variableId": "1812",
                "name": "Enhanced Conversion Postal",
                "type": "v",
                "parameter": [
                    {
                        "type": "INTEGER",
                        "key": "dataLayerVersion",
                        "value": "2"
                    },
                    {
                        "type": "BOOLEAN",
                        "key": "setDefaultValue",
                        "value": "false"
                    },
                    {
                        "type": "TEMPLATE",
                        "key": "name",
                        "value": "conversionData.address.postal_code"
                    }
                ],
                "fingerprint": "1711456266232",
                "formatValue": {}
            },
            {
                "accountId": "6001468488",
                "containerId": "31734282",
                "variableId": "1813",
                "name": "User Provided Data",
                "type": "awec",
                "parameter": [
                    {
                        "type": "TEMPLATE",
                        "key": "mode",
                        "value": "MANUAL"
                    },
                    {
                        "type": "TEMPLATE",
                        "key": "country",
                        "value": "{{Enhanced Conversion Country}}"
                    },
                    {
                        "type": "TEMPLATE",
                        "key": "city",
                        "value": "{{Enhanced Conversion City}}"
                    },
                    {
                        "type": "TEMPLATE",
                        "key": "street",
                        "value": "{{Enhanced Conversion Street}}"
                    },
                    {
                        "type": "TEMPLATE",
                        "key": "last_name",
                        "value": "{{Enhanced Conversion Lastname}}"
                    },
                    {
                        "type": "TEMPLATE",
                        "key": "phone_number",
                        "value": "{{Enhanced Conversion Hashed Phone}}"
                    },
                    {
                        "type": "TEMPLATE",
                        "key": "region",
                        "value": "{{Enhanced Conversion Region}}"
                    },
                    {
                        "type": "TEMPLATE",
                        "key": "postal_code",
                        "value": "{{Enhanced Conversion Postal}}"
                    },
                    {
                        "type": "TEMPLATE",
                        "key": "first_name",
                        "value": "{{Enhanced Conversion First Name}}"
                    },
                    {
                        "type": "TEMPLATE",
                        "key": "email",
                        "value": "{{Enhanced Conversion Hashed Email}}"
                    }
                ],
                "fingerprint": "1711456298259",
                "formatValue": {}
            },
            {
                "accountId": "6001468488",
                "containerId": "31734282",
                "variableId": "1814",
                "name": "Enhanced Conversion Value",
                "type": "v",
                "parameter": [
                    {
                        "type": "INTEGER",
                        "key": "dataLayerVersion",
                        "value": "2"
                    },
                    {
                        "type": "BOOLEAN",
                        "key": "setDefaultValue",
                        "value": "false"
                    },
                    {
                        "type": "TEMPLATE",
                        "key": "name",
                        "value": "conversionData.revenue_with_vat_and_shipping"
                    }
                ],
                "fingerprint": "1711456616907",
                "formatValue": {}
            },
            {
                "accountId": "6001468488",
                "containerId": "31734282",
                "variableId": "1817",
                "name": "Enhanced Conversion Currency",
                "type": "v",
                "parameter": [
                    {
                        "type": "INTEGER",
                        "key": "dataLayerVersion",
                        "value": "2"
                    },
                    {
                        "type": "BOOLEAN",
                        "key": "setDefaultValue",
                        "value": "false"
                    },
                    {
                        "type": "TEMPLATE",
                        "key": "name",
                        "value": "conversionData.currency"
                    }
                ],
                "fingerprint": "1711456334009",
                "formatValue": {}
            }
        ],
        "builtInVariable": [
            {
                "accountId": "6001468488",
                "containerId": "31734282",
                "type": "EVENT",
                "name": "Event"
            }
        ],
        "fingerprint": "1711519360794",
        "tagManagerUrl": "https://tagmanager.google.com/#/versions/accounts/6001468488/containers/31734282/versions/0?apiLink=version"
    }
}