{
    "exportFormatVersion": 2,
    "exportTime": "2023-03-15 08:12:07",
    "containerVersion": {
        "path": "accounts/6006407742/containers/62144542/versions/0",
        "accountId": "6006407742",
        "containerId": "62144542",
        "containerVersionId": "0",
        "container": {
            "path": "accounts/6006407742/containers/62144542",
            "accountId": "6006407742",
            "containerId": "62144542",
            "name": "test.com",
            "publicId": "GTM-XXXXX",
            "usageContext": [
                "WEB"
            ],
            "fingerprint": "1649326950074",
            "tagManagerUrl": "https://tagmanager.google.com/#/container/accounts/6006407742/containers/62144542/workspaces?apiLink=container",
            "features": {
                "supportUserPermissions": true,
                "supportEnvironments": true,
                "supportWorkspaces": true,
                "supportGtagConfigs": false,
                "supportBuiltInVariables": true,
                "supportClients": false,
                "supportFolders": true,
                "supportTags": true,
                "supportTemplates": true,
                "supportTriggers": true,
                "supportVariables": true,
                "supportVersions": true,
                "supportZones": true
            },
            "tagIds": [
                "GTM-XXXXX"
            ]
        },
        "tag": [
            {
                "accountId": "6006407742",
                "containerId": "62144542",
                "tagId": "328",
                "name": "Pinterest Base",
                "type": "pntr",
                "parameter": [
                    {
                        "type": "TEMPLATE",
                        "key": "tagId",
                        "value": "{{Pinterest Tag ID}}"
                    },
                    {
                        "type": "TEMPLATE",
                        "key": "eventName"
                    }
                ],
                "fingerprint": "1678867089543",
                "firingTriggerId": [
                    "2147479573"
                ],
                "tagFiringOption": "ONCE_PER_EVENT",
                "monitoringMetadata": {
                    "type": "MAP"
                },
                "consentSettings": {
                    "consentStatus": "NOT_SET"
                }
            },
            {
                "accountId": "6006407742",
                "containerId": "62144542",
                "tagId": "336",
                "name": "Pinterest Checkout",
                "type": "pntr",
                "parameter": [
                    {
                        "type": "BOOLEAN",
                        "key": "setCustomParams",
                        "value": "true"
                    },
                    {
                        "type": "TEMPLATE",
                        "key": "tagId",
                        "value": "{{Pinterest Tag ID}}"
                    },
                    {
                        "type": "LIST",
                        "key": "values",
                        "list": [
                            {
                                "type": "MAP",
                                "map": [
                                    {
                                        "type": "TEMPLATE",
                                        "key": "name",
                                        "value": "line_items"
                                    },
                                    {
                                        "type": "TEMPLATE",
                                        "key": "value",
                                        "value": "{{Pinterest Checkout products}}"
                                    }
                                ]
                            }
                        ]
                    },
                    {
                        "type": "TEMPLATE",
                        "key": "order_quantity",
                        "value": "{{Pinterest Checkout Order Quantity}}"
                    },
                    {
                        "type": "TEMPLATE",
                        "key": "eventName",
                        "value": "checkout"
                    },
                    {
                        "type": "TEMPLATE",
                        "key": "currency",
                        "value": "{{Pinterest currency code}}"
                    },
                    {
                        "type": "TEMPLATE",
                        "key": "value",
                        "value": "{{Pinterest Order Value}}"
                    },
                    {
                        "type": "TEMPLATE",
                        "key": "order_id",
                        "value": "{{Pinterest Order ID}}"
                    }
                ],
                "fingerprint": "1678867089545",
                "firingTriggerId": [
                    "330"
                ],
                "tagFiringOption": "ONCE_PER_EVENT",
                "monitoringMetadata": {
                    "type": "MAP"
                },
                "consentSettings": {
                    "consentStatus": "NOT_SET"
                }
            },
            {
                "accountId": "6006407742",
                "containerId": "62144542",
                "tagId": "337",
                "name": "Pinterest Page Visit",
                "type": "pntr",
                "parameter": [
                    {
                        "type": "BOOLEAN",
                        "key": "setCustomParams",
                        "value": "false"
                    },
                    {
                        "type": "TEMPLATE",
                        "key": "tagId",
                        "value": "{{Pinterest Tag ID}}"
                    },
                    {
                        "type": "TEMPLATE",
                        "key": "product_id",
                        "value": "{{Pinterest PID}}"
                    },
                    {
                        "type": "TEMPLATE",
                        "key": "eventName",
                        "value": "pagevisit"
                    },
                    {
                        "type": "TEMPLATE",
                        "key": "product_category",
                        "value": "{{Pinterest Pcategory}}"
                    }
                ],
                "fingerprint": "1678867338426",
                "firingTriggerId": [
                    "325"
                ],
                "tagFiringOption": "ONCE_PER_EVENT",
                "monitoringMetadata": {
                    "type": "MAP"
                },
                "consentSettings": {
                    "consentStatus": "NOT_SET"
                }
            },
            {
                "accountId": "6006407742",
                "containerId": "62144542",
                "tagId": "380",
                "name": "Pinterest View Category",
                "type": "pntr",
                "parameter": [
                    {
                        "type": "BOOLEAN",
                        "key": "setCustomParams",
                        "value": "true"
                    },
                    {
                        "type": "TEMPLATE",
                        "key": "tagId",
                        "value": "{{Pinterest Tag ID}}"
                    },
                    {
                        "type": "LIST",
                        "key": "values",
                        "list": [
                            {
                                "type": "MAP",
                                "map": [
                                    {
                                        "type": "TEMPLATE",
                                        "key": "name",
                                        "value": "line_items"
                                    },
                                    {
                                        "type": "TEMPLATE",
                                        "key": "value",
                                        "value": "{{Pinterest Page Visit Products}}"
                                    }
                                ]
                            }
                        ]
                    },
                    {
                        "type": "TEMPLATE",
                        "key": "eventName",
                        "value": "viewcategory"
                    }
                ],
                "fingerprint": "1678867991373",
                "firingTriggerId": [
                    "217"
                ],
                "tagFiringOption": "ONCE_PER_EVENT",
                "monitoringMetadata": {
                    "type": "MAP"
                },
                "consentSettings": {
                    "consentStatus": "NOT_SET"
                }
            },
            {
                "accountId": "6006407742",
                "containerId": "62144542",
                "tagId": "342",
                "name": "Pinterest Search",
                "type": "pntr",
                "parameter": [
                    {
                        "type": "BOOLEAN",
                        "key": "setCustomParams",
                        "value": "false"
                    },
                    {
                        "type": "TEMPLATE",
                        "key": "tagId",
                        "value": "{{Pinterest Tag ID}}"
                    },
                    {
                        "type": "TEMPLATE",
                        "key": "eventName",
                        "value": "search"
                    },
                    {
                        "type": "TEMPLATE",
                        "key": "search_query",
                        "value": "{{Query - Url}}"
                    }
                ],
                "fingerprint": "1678867089546",
                "firingTriggerId": [
                    "341"
                ],
                "tagFiringOption": "ONCE_PER_EVENT",
                "monitoringMetadata": {
                    "type": "MAP"
                },
                "consentSettings": {
                    "consentStatus": "NOT_SET"
                }
            },
            {
                "accountId": "6006407742",
                "containerId": "62144542",
                "tagId": "348",
                "name": "Pinterest Add to Basket",
                "type": "pntr",
                "parameter": [
                    {
                        "type": "BOOLEAN",
                        "key": "setCustomParams",
                        "value": "true"
                    },
                    {
                        "type": "TEMPLATE",
                        "key": "tagId",
                        "value": "{{Pinterest Tag ID}}"
                    },
                    {
                        "type": "LIST",
                        "key": "values",
                        "list": [
                            {
                                "type": "MAP",
                                "map": [
                                    {
                                        "type": "TEMPLATE",
                                        "key": "name",
                                        "value": "line_items"
                                    },
                                    {
                                        "type": "TEMPLATE",
                                        "key": "value",
                                        "value": "{{Pinterest Basket Products}}"
                                    }
                                ]
                            }
                        ]
                    },
                    {
                        "type": "TEMPLATE",
                        "key": "order_quantity",
                        "value": "{{Pinterest basket Order Quantity}}"
                    },
                    {
                        "type": "TEMPLATE",
                        "key": "eventName",
                        "value": "addtocart"
                    },
                    {
                        "type": "TEMPLATE",
                        "key": "currency",
                        "value": "{{currencyCode}}"
                    },
                    {
                        "type": "TEMPLATE",
                        "key": "value",
                        "value": "{{Pinterest Pprice}}"
                    },
                    {
                        "type": "TEMPLATE",
                        "key": "order_id",
                        "value": "{{Pinterest PID}}"
                    }
                ],
                "fingerprint": "1678867089548",
                "firingTriggerId": [
                    "321"
                ],
                "tagFiringOption": "ONCE_PER_EVENT",
                "monitoringMetadata": {
                    "type": "MAP"
                },
                "consentSettings": {
                    "consentStatus": "NOT_SET"
                }
            }
        ],
        "trigger": [
            {
                "accountId": "6006407742",
                "containerId": "62144542",
                "triggerId": "321",
                "name": "Pinterest Add to Basket",
                "type": "CUSTOM_EVENT",
                "customEventFilter": [
                    {
                        "type": "EQUALS",
                        "parameter": [
                            {
                                "type": "TEMPLATE",
                                "key": "arg0",
                                "value": "{{_event}}"
                            },
                            {
                                "type": "TEMPLATE",
                                "key": "arg1",
                                "value": "add_to_cart"
                            }
                        ]
                    }
                ],
                "fingerprint": "1678867089542"
            },
            {
                "accountId": "6006407742",
                "containerId": "62144542",
                "triggerId": "325",
                "name": "Pinterest view item",
                "type": "CUSTOM_EVENT",
                "customEventFilter": [
                    {
                        "type": "EQUALS",
                        "parameter": [
                            {
                                "type": "TEMPLATE",
                                "key": "arg0",
                                "value": "{{_event}}"
                            },
                            {
                                "type": "TEMPLATE",
                                "key": "arg1",
                                "value": "view_item"
                            }
                        ]
                    }
                ],
                "filter": [
                    {
                        "type": "EQUALS",
                        "parameter": [
                            {
                                "type": "TEMPLATE",
                                "key": "arg0",
                                "value": "{{Event}}"
                            },
                            {
                                "type": "TEMPLATE",
                                "key": "arg1",
                                "value": "view_item"
                            }
                        ]
                    }
                ],
                "fingerprint": "1678867321318"
            },
            {
                "accountId": "6006407742",
                "containerId": "62144542",
                "triggerId": "330",
                "name": "Pinterest Purchase",
                "type": "CUSTOM_EVENT",
                "customEventFilter": [
                    {
                        "type": "EQUALS",
                        "parameter": [
                            {
                                "type": "TEMPLATE",
                                "key": "arg0",
                                "value": "{{_event}}"
                            },
                            {
                                "type": "TEMPLATE",
                                "key": "arg1",
                                "value": "purchase"
                            }
                        ]
                    }
                ],
                "fingerprint": "1678867089544"
            },
            {
                "accountId": "565186682",
                "containerId": "2739889",
                "triggerId": "217",
                "name": "view_item_list",
                "type": "CUSTOM_EVENT",
                "customEventFilter": [
                    {
                        "type": "EQUALS",
                        "parameter": [
                            {
                                "type": "TEMPLATE",
                                "key": "arg0",
                                "value": "{{_event}}"
                            },
                            {
                                "type": "TEMPLATE",
                                "key": "arg1",
                                "value": "view_item_list"
                            }
                        ]
                    }
                ],
                "fingerprint": "1661243829825"
            },
            {
                "accountId": "6006407742",
                "containerId": "62144542",
                "triggerId": "341",
                "name": "Pinterest Search Page",
                "type": "PAGEVIEW",
                "filter": [
                    {
                        "type": "CONTAINS",
                        "parameter": [
                            {
                                "type": "TEMPLATE",
                                "key": "arg0",
                                "value": "{{Page URL}}"
                            },
                            {
                                "type": "TEMPLATE",
                                "key": "arg1",
                                "value": "result"
                            }
                        ]
                    }
                ],
                "fingerprint": "1678867089546"
            }
        ],
        "variable": [
            {
                "accountId": "6006407742",
                "containerId": "62144542",
                "variableId": "312",
                "name": "dlv-ecommerce-check",
                "type": "v",
                "parameter": [
                    {
                        "type": "INTEGER",
                        "key": "dataLayerVersion",
                        "value": "2"
                    },
                    {
                        "type": "BOOLEAN",
                        "key": "setDefaultValue",
                        "value": "false"
                    },
                    {
                        "type": "TEMPLATE",
                        "key": "name",
                        "value": "ecommerce.items"
                    }
                ],
                "fingerprint": "1678867089540",
                "formatValue": {}
            },
            {
                "accountId": "6006407742",
                "containerId": "62144542",
                "variableId": "313",
                "name": "Pinterest Order ID",
                "type": "v",
                "parameter": [
                    {
                        "type": "INTEGER",
                        "key": "dataLayerVersion",
                        "value": "2"
                    },
                    {
                        "type": "BOOLEAN",
                        "key": "setDefaultValue",
                        "value": "false"
                    },
                    {
                        "type": "TEMPLATE",
                        "key": "name",
                        "value": "ecommerce.transaction_id"
                    }
                ],
                "fingerprint": "1678867089540",
                "formatValue": {}
            },
            {
                "accountId": "6006407742",
                "containerId": "62144542",
                "variableId": "314",
                "name": "list_items",
                "type": "jsm",
                "parameter": [
                    {
                        "type": "TEMPLATE",
                        "key": "javascript",
                        "value": "function() {\n    return function(products) {\n        if (!Array.isArray(products)) {\n            return products;\n        }\n        var prodsForPinterest = products.map(function(prod) {\n            var prodObj = new Object();\n            if (prod.item_name) {prodObj.product_name = prod.item_name.toString()};\n            if (prod.item_id) {prodObj.product_id = prod.item_id.toString()};\n            if (prod.price) {prodObj.product_price = parseFloat(prod.price)};           \n\t        if (prod.quantity) {prodObj.product_quantity = parseInt(prod.quantity)};\n            if (prod.item_brand) {prodObj.product_brand = prod.item_brand};\n            if (prod.item_category) {prodObj.product_category = prod.item_category};\n            return prodObj;\n        })\n        return prodsForPinterest;\n    }\n}"
                    }
                ],
                "fingerprint": "1678867089549",
                "formatValue": {}
            },
            {
                "accountId": "6006407742",
                "containerId": "62144542",
                "variableId": "315",
                "name": "Pinterest Basket Products",
                "type": "jsm",
                "parameter": [
                    {
                        "type": "TEMPLATE",
                        "key": "javascript",
                        "value": "function() { \n    var products = {{dlv-ecommerce-check}};\n    return {{list_items}}(products);\n}"
                    }
                ],
                "fingerprint": "1678867089549",
                "formatValue": {}
            },
            {
                "accountId": "6006407742",
                "containerId": "62144542",
                "variableId": "320",
                "name": "dlv-ecommerce",
                "type": "v",
                "parameter": [
                    {
                        "type": "INTEGER",
                        "key": "dataLayerVersion",
                        "value": "1"
                    },
                    {
                        "type": "BOOLEAN",
                        "key": "setDefaultValue",
                        "value": "false"
                    },
                    {
                        "type": "TEMPLATE",
                        "key": "name",
                        "value": "ecommerce"
                    }
                ],
                "fingerprint": "1678867089541",
                "formatValue": {}
            },
            {
                "accountId": "6006407742",
                "containerId": "62144542",
                "variableId": "322",
                "name": "Pinterest basket Order Quantity",
                "type": "jsm",
                "parameter": [
                    {
                        "type": "TEMPLATE",
                        "key": "javascript",
                        "value": "function() {\n  var totalQuantity = 0;\n  var ecom = {{dlv-ecommerce-check}};\n  if (ecom) {\n    ecom.forEach(function(product) {\n      totalQuantity += parseInt(product.quantity);\n    }); \n  };\nreturn totalQuantity;\n}"
                    }
                ],
                "fingerprint": "1678867089549",
                "formatValue": {}
            },
            {
                "accountId": "6006407742",
                "containerId": "62144542",
                "variableId": "323",
                "name": "Pinterest Order Value",
                "type": "v",
                "parameter": [
                    {
                        "type": "INTEGER",
                        "key": "dataLayerVersion",
                        "value": "2"
                    },
                    {
                        "type": "BOOLEAN",
                        "key": "setDefaultValue",
                        "value": "false"
                    },
                    {
                        "type": "TEMPLATE",
                        "key": "name",
                        "value": "ecommerce.value"
                    }
                ],
                "fingerprint": "1678867089542",
                "formatValue": {}
            },
            {
                "accountId": "6006407742",
                "containerId": "62144542",
                "variableId": "324",
                "name": "Query - Url",
                "type": "u",
                "parameter": [
                    {
                        "type": "TEMPLATE",
                        "key": "component",
                        "value": "QUERY"
                    },
                    {
                        "type": "TEMPLATE",
                        "key": "queryKey",
                        "value": "q"
                    }
                ],
                "fingerprint": "1678867089542",
                "formatValue": {}
            },
            {
                "accountId": "6006407742",
                "containerId": "62144542",
                "variableId": "327",
                "name": "Pinterest Tag ID",
                "type": "c",
                "parameter": [
                    {
                        "type": "TEMPLATE",
                        "key": "value",
                        "value": "2613506284110"
                    }
                ],
                "fingerprint": "1678867089543",
                "formatValue": {}
            },
            {
                "accountId": "6006407742",
                "containerId": "62144542",
                "variableId": "329",
                "name": "Pinterest Page Visit Products",
                "type": "jsm",
                "parameter": [
                    {
                        "type": "TEMPLATE",
                        "key": "javascript",
                        "value": "function() { \n    var products = {{dlv-ecommerce-check}};\n    return {{list_items}}(products);\n}"
                    }
                ],
                "fingerprint": "1678867089549",
                "formatValue": {}
            },
            {
                "accountId": "6006407742",
                "containerId": "62144542",
                "variableId": "333",
                "name": "Pinterest currency code",
                "type": "v",
                "parameter": [
                    {
                        "type": "INTEGER",
                        "key": "dataLayerVersion",
                        "value": "2"
                    },
                    {
                        "type": "BOOLEAN",
                        "key": "setDefaultValue",
                        "value": "false"
                    },
                    {
                        "type": "TEMPLATE",
                        "key": "name",
                        "value": "ecommerce.currency"
                    }
                ],
                "fingerprint": "1678867089544",
                "formatValue": {}
            },
            {
                "accountId": "6006407742",
                "containerId": "62144542",
                "variableId": "334",
                "name": "Pinterest Checkout products",
                "type": "jsm",
                "parameter": [
                    {
                        "type": "TEMPLATE",
                        "key": "javascript",
                        "value": "function() { \n    var products = {{dlv-ecommerce-check}};\n    return {{list_items}}(products);\n}"
                    }
                ],
                "fingerprint": "1678867089550",
                "formatValue": {}
            },
            {
                "accountId": "6006407742",
                "containerId": "62144542",
                "variableId": "335",
                "name": "Pinterest Checkout Order Quantity",
                "type": "jsm",
                "parameter": [
                    {
                        "type": "TEMPLATE",
                        "key": "javascript",
                        "value": "function() {\n  var totalQuantity = 0;\n  var ecom = {{dlv-ecommerce-check}}\n  if (ecom) {\n    ecom.forEach(function(product) {\n      totalQuantity += parseInt(product.quantity);\n    }); \n  };\nreturn totalQuantity;\n}"
                    }
                ],
                "fingerprint": "1678867089550",
                "formatValue": {}
            },
            {
                "accountId": "6006407742",
                "containerId": "62144542",
                "variableId": "343",
                "name": "Pinterest Pprice",
                "type": "v",
                "parameter": [
                    {
                        "type": "INTEGER",
                        "key": "dataLayerVersion",
                        "value": "2"
                    },
                    {
                        "type": "BOOLEAN",
                        "key": "setDefaultValue",
                        "value": "false"
                    },
                    {
                        "type": "TEMPLATE",
                        "key": "name",
                        "value": "ecommerce.items.0.price"
                    }
                ],
                "fingerprint": "1678867089547",
                "formatValue": {}
            },
            {
                "accountId": "6006407742",
                "containerId": "62144542",
                "variableId": "346",
                "name": "currencyCode",
                "type": "c",
                "parameter": [
                    {
                        "type": "TEMPLATE",
                        "key": "value",
                        "value": "GBP"
                    }
                ],
                "fingerprint": "1678867089548"
            },
            {
                "accountId": "6006407742",
                "containerId": "62144542",
                "variableId": "347",
                "name": "Pinterest PID",
                "type": "v",
                "parameter": [
                    {
                        "type": "INTEGER",
                        "key": "dataLayerVersion",
                        "value": "2"
                    },
                    {
                        "type": "BOOLEAN",
                        "key": "setDefaultValue",
                        "value": "false"
                    },
                    {
                        "type": "TEMPLATE",
                        "key": "name",
                        "value": "ecommerce.items.0.item_id"
                    }
                ],
                "fingerprint": "1678867089548",
                "formatValue": {}
            },
            {
                "accountId": "6006407742",
                "containerId": "62144542",
                "variableId": "350",
                "name": "Pinterest Pcategory",
                "type": "v",
                "parameter": [
                    {
                        "type": "INTEGER",
                        "key": "dataLayerVersion",
                        "value": "2"
                    },
                    {
                        "type": "BOOLEAN",
                        "key": "setDefaultValue",
                        "value": "false"
                    },
                    {
                        "type": "TEMPLATE",
                        "key": "name",
                        "value": "ecommerce.items.0.item_category"
                    }
                ],
                "fingerprint": "1678867189118",
                "formatValue": {}
            }
        ],
        "builtInVariable": [
            {
                "accountId": "6006407742",
                "containerId": "62144542",
                "type": "PAGE_URL",
                "name": "Page URL"
            },
            {
                "accountId": "6006407742",
                "containerId": "62144542",
                "type": "EVENT",
                "name": "Event"
            }
        ],
        "fingerprint": "1678867927188",
        "tagManagerUrl": "https://tagmanager.google.com/#/versions/accounts/6006407742/containers/62144542/versions/0?apiLink=version"
    }
}
