{
    "exportFormatVersion": 2,
    "exportTime": "2021-06-09 11:38:21",
    "containerVersion": {
        "path": "accounts/6004001995/containers/45874067/versions/0",
        "accountId": "6004001995",
        "containerId": "45874067",
        "containerVersionId": "0",
        "container": {
            "path": "accounts/6004001995/containers/45874067",
            "accountId": "6004001995",
            "containerId": "45874067",
            "name": "magento2.scommerce-mage.co.uk",
            "publicId": "GTM-XXXXX",
            "usageContext": [
                "WEB"
            ],
            "fingerprint": "1621938350645",
            "tagManagerUrl": "https://tagmanager.google.com/#/container/accounts/6004001995/containers/45874067/workspaces?apiLink=container"
        },
        "tag": [
            {
                "accountId": "6004001995",
                "containerId": "45874067",
                "tagId": "9",
                "name": "Parternerize Tracking",
                "type": "html",
                "parameter": [
                    {
                        "type": "TEMPLATE",
                        "key": "html",
                        "value": "<script>\n  var src='https://prf.hn/conversion/';\n  var dataString=\"\";\n  var i;\n  var productList={{Ecommerce Items}};\n  var voucherCheck= {{Ecommerce Coupon}};\n  var voucherData= \"\";\n  var clickrefCheck= {{Clickref}};\n  var ctr=0;\n  if(clickrefCheck!=undefined && clickrefCheck!='undefined' ){\n    for(i in productList){\n      if(productList[i].id!=undefined){\n        if(ctr!=0){\n        dataString= dataString+ \"/\";\n        }\n      dataString= dataString + \"[category:\" + productList[i].category + \"/sku:\" + productList[i].id + \"/value:\" + productList[i].price + \"/quantity:\" + productList[i].quantity + \"]\";\n      }\n    ctr++;\n    }\n  if(voucherCheck !== \"\"){\n    voucherData= '/voucher:' + voucherCheck;\n  }\n    document.write('<img src=\"'+ src + 'campaign:' + {{Campaign_id}} + '/clickref:' + {{Clickref}} + '/conversionref:'+ {{Ecommerce Transaction ID}} +'/currency:' + {{Ecommerce Currency}} + voucherData + '/' + dataString + '\"' + 'height=\"2\"' + 'width=\"2\"' + '/>');\n  }\n\n</script>\n"
                    },
                    {
                        "type": "BOOLEAN",
                        "key": "supportDocumentWrite",
                        "value": "true"
                    }
                ],
                "fingerprint": "1622041743320",
                "firingTriggerId": [
                    "8"
                ],
                "tagFiringOption": "ONCE_PER_LOAD",
                "monitoringMetadata": {
                    "type": "MAP"
                }
            }
        ],
        "trigger": [
            {
                "accountId": "6004001995",
                "containerId": "45874067",
                "triggerId": "8",
                "name": "purchase",
                "type": "CUSTOM_EVENT",
                "customEventFilter": [
                    {
                        "type": "EQUALS",
                        "parameter": [
                            {
                                "type": "TEMPLATE",
                                "key": "arg0",
                                "value": "{{_event}}"
                            },
                            {
                                "type": "TEMPLATE",
                                "key": "arg1",
                                "value": "purchase"
                            }
                        ]
                    }
                ],
                "filter": [
                    {
                        "type": "EQUALS",
                        "parameter": [
                            {
                                "type": "TEMPLATE",
                                "key": "arg0",
                                "value": "{{Event}}"
                            },
                            {
                                "type": "TEMPLATE",
                                "key": "arg1",
                                "value": "purchase"
                            }
                        ]
                    }
                ],
                "fingerprint": "1622040938446"
            }
        ],
        "variable": [
            {
                "accountId": "6004001995",
                "containerId": "45874067",
                "variableId": "3",
                "name": "Campaign_id",
                "type": "c",
                "parameter": [
                    {
                        "type": "TEMPLATE",
                        "key": "value",
                        "value": "XXXXXXXXXX"
                    }
                ],
                "fingerprint": "1622008425134",
                "formatValue": {}
            },
            {
                "accountId": "6004001995",
                "containerId": "45874067",
                "variableId": "4",
                "name": "Clickref",
                "type": "k",
                "parameter": [
                    {
                        "type": "BOOLEAN",
                        "key": "decodeCookie",
                        "value": "false"
                    },
                    {
                        "type": "TEMPLATE",
                        "key": "name",
                        "value": "clickref"
                    }
                ],
                "fingerprint": "1622008456482",
                "formatValue": {}
            },
            {
                "accountId": "565186682",
                "containerId": "2739889",
                "variableId": "191",
                "name": "Ecommerce Items",
                "type": "v",
                "parameter": [
                    {
                        "type": "INTEGER",
                        "key": "dataLayerVersion",
                        "value": "2"
                    },
                    {
                        "type": "BOOLEAN",
                        "key": "setDefaultValue",
                        "value": "false"
                    },
                    {
                        "type": "TEMPLATE",
                        "key": "name",
                        "value": "ecommerce.items"
                    }
                ],
                "fingerprint": "1661243829814",
                "formatValue": {}
            },
            {
                "accountId": "565186682",
                "containerId": "2739889",
                "variableId": "194",
                "name": "Ecommerce Currency",
                "type": "v",
                "parameter": [
                    {
                        "type": "INTEGER",
                        "key": "dataLayerVersion",
                        "value": "2"
                    },
                    {
                        "type": "BOOLEAN",
                        "key": "setDefaultValue",
                        "value": "false"
                    },
                    {
                        "type": "TEMPLATE",
                        "key": "name",
                        "value": "ecommerce.currency"
                    }
                ],
                "fingerprint": "1661243829815",
                "formatValue": {}
            },
            {
                "accountId": "565186682",
                "containerId": "2739889",
                "variableId": "196",
                "name": "Ecommerce Coupon",
                "type": "v",
                "parameter": [
                    {
                        "type": "INTEGER",
                        "key": "dataLayerVersion",
                        "value": "2"
                    },
                    {
                        "type": "BOOLEAN",
                        "key": "setDefaultValue",
                        "value": "false"
                    },
                    {
                        "type": "TEMPLATE",
                        "key": "name",
                        "value": "ecommerce.coupon"
                    }
                ],
                "fingerprint": "1661243829816",
                "formatValue": {}
            },
            {
                "accountId": "565186682",
                "containerId": "2739889",
                "variableId": "204",
                "name": "Ecommerce Transaction ID",
                "type": "v",
                "parameter": [
                    {
                        "type": "INTEGER",
                        "key": "dataLayerVersion",
                        "value": "2"
                    },
                    {
                        "type": "BOOLEAN",
                        "key": "setDefaultValue",
                        "value": "false"
                    },
                    {
                        "type": "TEMPLATE",
                        "key": "name",
                        "value": "ecommerce.transaction_id"
                    }
                ],
                "fingerprint": "1661243829820",
                "formatValue": {}
            }
        ],
        "builtInVariable": [
            {
                "accountId": "6004001995",
                "containerId": "45874067",
                "type": "PAGE_URL",
                "name": "Page URL"
            },
            {
                "accountId": "6004001995",
                "containerId": "45874067",
                "type": "PAGE_HOSTNAME",
                "name": "Page Hostname"
            },
            {
                "accountId": "6004001995",
                "containerId": "45874067",
                "type": "PAGE_PATH",
                "name": "Page Path"
            },
            {
                "accountId": "6004001995",
                "containerId": "45874067",
                "type": "REFERRER",
                "name": "Referrer"
            },
            {
                "accountId": "6004001995",
                "containerId": "45874067",
                "type": "EVENT",
                "name": "Event"
            }
        ],
        "fingerprint": "1623238701033",
        "tagManagerUrl": "https://tagmanager.google.com/#/versions/accounts/6004001995/containers/45874067/versions/0?apiLink=version"
    }
}
