{
  "exportFormatVersion": 2,
  "exportTime": "2018-02-13 20:22:43",
  "containerVersion": {
    "path": "accounts/565186682/containers/2739889/versions/0",
    "accountId": "565186682",
    "containerId": "2739889",
    "containerVersionId": "0",
    "container": {
      "path": "accounts/565186682/containers/2739889",
      "accountId": "565186682",
      "containerId": "2739889",
      "name": "magento2.scommerce-mage.co.uk",
      "publicId": "GTM-XXXXX",
      "usageContext": [
        "WEB"
      ],
      "fingerprint": "1505394366144",
      "tagManagerUrl": "https://tagmanager.google.com/#/container/accounts/565186682/containers/2739889/workspaces?apiLink=container"
    },
    "tag": [
      {
        "accountId": "164412618",
        "containerId": "1892935",
        "tagId": "15",
        "name": "AdWords Dynamic Remarketing Cart",
        "type": "sp",
        "parameter": [
          {
            "type": "TEMPLATE",
            "key": "dataLayerVariable",
            "value": "{{google_tag_params}}"
          },
          {
            "type": "TEMPLATE",
            "key": "conversionId",
            "value": "{{conversionID}}"
          },
          {
            "type": "TEMPLATE",
            "key": "customParamsFormat",
            "value": "DATA_LAYER"
          }
        ],
        "fingerprint": "1471118626372",
        "firingTriggerId": [
          "18"
        ],
        "tagFiringOption": "ONCE_PER_EVENT"
      },
      {
        "accountId": "565186682",
        "containerId": "2739889",
        "tagId": "188",
        "name": "Conversion Linker Tag",
        "type": "gclidw",
        "parameter": [
          {
            "type": "BOOLEAN",
            "key": "enableCrossDomain",
            "value": "false"
          },
          {
            "type": "BOOLEAN",
            "key": "enableUrlPassthrough",
            "value": "false"
          },
          {
            "type": "BOOLEAN",
            "key": "enableCookieOverrides",
            "value": "false"
          }
        ],
        "fingerprint": "1649331828311",
        "firingTriggerId": [
          "2147479553"
        ],
        "tagFiringOption": "ONCE_PER_EVENT",
        "monitoringMetadata": {
          "type": "MAP"
        },
        "consentSettings": {
          "consentStatus": "NOT_SET"
        }
      },
      {
        "accountId": "164412618",
        "containerId": "1892935",
        "tagId": "13",
        "name": "AdWords Dynamic Remarketing Category",
        "type": "sp",
        "parameter": [
          {
            "type": "TEMPLATE",
            "key": "dataLayerVariable",
            "value": "{{google_tag_params}}"
          },
          {
            "type": "TEMPLATE",
            "key": "conversionId",
            "value": "{{conversionID}}"
          },
          {
            "type": "TEMPLATE",
            "key": "customParamsFormat",
            "value": "DATA_LAYER"
          }
        ],
        "fingerprint": "1471118465605",
        "firingTriggerId": [
          "16"
        ],
        "tagFiringOption": "ONCE_PER_EVENT"
      },
      {
        "accountId": "565186682",
        "containerId": "2739889",
        "tagId": "396",
        "name": "AdWords Dynamic Remarketing Checkout",
        "type": "sp",
        "parameter": [
          {
            "type": "BOOLEAN",
            "key": "enableConversionLinker",
            "value": "true"
          },
          {
            "type": "BOOLEAN",
            "key": "enableDynamicRemarketing",
            "value": "false"
          },
          {
            "type": "TEMPLATE",
            "key": "dataLayerVariable",
            "value": "{{google_tag_params}}"
          },
          {
            "type": "TEMPLATE",
            "key": "conversionCookiePrefix",
            "value": "_gcl"
          },
          {
            "type": "TEMPLATE",
            "key": "conversionId",
            "value": "{{conversionID}}"
          },
          {
            "type": "TEMPLATE",
            "key": "customParamsFormat",
            "value": "DATA_LAYER"
          },
          {
            "type": "BOOLEAN",
            "key": "rdp",
            "value": "false"
          }
        ],
        "fingerprint": "1682088221960",
        "firingTriggerId": [
          "235"
        ],
        "tagFiringOption": "ONCE_PER_EVENT",
        "monitoringMetadata": {
          "type": "MAP"
        },
        "consentSettings": {
          "consentStatus": "NOT_SET"
        }
      },
      {
        "accountId": "164412618",
        "containerId": "1892935",
        "tagId": "8",
        "name": "AdWords Dynamic Remarketing Home",
        "type": "sp",
        "parameter": [
          {
            "type": "TEMPLATE",
            "key": "dataLayerVariable",
            "value": "{{google_tag_params}}"
          },
          {
            "type": "TEMPLATE",
            "key": "conversionId",
            "value": "{{conversionID}}"
          },
          {
            "type": "TEMPLATE",
            "key": "customParamsFormat",
            "value": "DATA_LAYER"
          }
        ],
        "fingerprint": "1471118158683",
        "firingTriggerId": [
          "11"
        ],
        "tagFiringOption": "ONCE_PER_EVENT"
      },
      {
        "accountId": "164412618",
        "containerId": "1892935",
        "tagId": "37",
        "name": "AdWords Dynamic Remarketing Others",
        "type": "sp",
        "parameter": [
          {
            "type": "TEMPLATE",
            "key": "dataLayerVariable",
            "value": "{{google_tag_params}}"
          },
          {
            "type": "TEMPLATE",
            "key": "conversionId",
            "value": "{{conversionID}}"
          },
          {
            "type": "TEMPLATE",
            "key": "customParamsFormat",
            "value": "DATA_LAYER"
          }
        ],
        "fingerprint": "1548188063445",
        "firingTriggerId": [
          "142"
        ],
        "tagFiringOption": "ONCE_PER_EVENT"
      },
      {
        "accountId": "164412618",
        "containerId": "1892935",
        "tagId": "14",
        "name": "AdWords Dynamic Remarketing Product",
        "type": "sp",
        "parameter": [
          {
            "type": "TEMPLATE",
            "key": "dataLayerVariable",
            "value": "{{google_tag_params}}"
          },
          {
            "type": "TEMPLATE",
            "key": "conversionId",
            "value": "{{conversionID}}"
          },
          {
            "type": "TEMPLATE",
            "key": "customParamsFormat",
            "value": "DATA_LAYER"
          }
        ],
        "fingerprint": "1471118545134",
        "firingTriggerId": [
          "17"
        ],
        "tagFiringOption": "ONCE_PER_EVENT"
      },
      {
        "accountId": "164412618",
        "containerId": "1892935",
        "tagId": "16",
        "name": "AdWords Dynamic Remarketing Purchase",
        "type": "sp",
        "parameter": [
          {
            "type": "TEMPLATE",
            "key": "dataLayerVariable",
            "value": "{{google_tag_params}}"
          },
          {
            "type": "TEMPLATE",
            "key": "conversionId",
            "value": "{{conversionID}}"
          },
          {
            "type": "TEMPLATE",
            "key": "customParamsFormat",
            "value": "DATA_LAYER"
          }
        ],
        "fingerprint": "1471164958818",
        "firingTriggerId": [
          "19"
        ],
        "tagFiringOption": "ONCE_PER_EVENT"
      }
    ],
    "trigger": [
      {
        "accountId": "164412618",
        "containerId": "1892935",
        "triggerId": "18",
        "name": "Remarketing Tag Cart",
        "type": "CUSTOM_EVENT",
        "customEventFilter": [
          {
            "type": "EQUALS",
            "parameter": [
              {
                "type": "TEMPLATE",
                "key": "arg0",
                "value": "{{_event}}"
              },
              {
                "type": "TEMPLATE",
                "key": "arg1",
                "value": "fireRemarketingTag_cart"
              }
            ]
          }
        ],
        "filter": [
          {
            "type": "EQUALS",
            "parameter": [
              {
                "type": "TEMPLATE",
                "key": "arg0",
                "value": "{{Event}}"
              },
              {
                "type": "TEMPLATE",
                "key": "arg1",
                "value": "fireRemarketingTag_cart"
              }
            ]
          }
        ],
        "fingerprint": "1470860647740"
      },
      {
        "accountId": "164412618",
        "containerId": "1892935",
        "triggerId": "16",
        "name": "Remarketing Tag Category",
        "type": "CUSTOM_EVENT",
        "customEventFilter": [
          {
            "type": "EQUALS",
            "parameter": [
              {
                "type": "TEMPLATE",
                "key": "arg0",
                "value": "{{_event}}"
              },
              {
                "type": "TEMPLATE",
                "key": "arg1",
                "value": "fireRemarketingTag_category"
              }
            ]
          }
        ],
        "filter": [
          {
            "type": "EQUALS",
            "parameter": [
              {
                "type": "TEMPLATE",
                "key": "arg0",
                "value": "{{Event}}"
              },
              {
                "type": "TEMPLATE",
                "key": "arg1",
                "value": "fireRemarketingTag_category"
              }
            ]
          }
        ],
        "fingerprint": "1470860621754"
      },
      {
        "accountId": "164412618",
        "containerId": "1892935",
        "triggerId": "11",
        "name": "Remarketing Tag Home",
        "type": "CUSTOM_EVENT",
        "customEventFilter": [
          {
            "type": "EQUALS",
            "parameter": [
              {
                "type": "TEMPLATE",
                "key": "arg0",
                "value": "{{_event}}"
              },
              {
                "type": "TEMPLATE",
                "key": "arg1",
                "value": "fireRemarketingTag_home"
              }
            ]
          }
        ],
        "filter": [
          {
            "type": "EQUALS",
            "parameter": [
              {
                "type": "TEMPLATE",
                "key": "arg0",
                "value": "{{Event}}"
              },
              {
                "type": "TEMPLATE",
                "key": "arg1",
                "value": "fireRemarketingTag_home"
              }
            ]
          }
        ],
        "fingerprint": "1470860573487"
      },
      {
        "accountId": "164412618",
        "containerId": "1892935",
        "triggerId": "142",
        "name": "Remarketing Tag Others",
        "type": "CUSTOM_EVENT",
        "customEventFilter": [
          {
            "type": "EQUALS",
            "parameter": [
              {
                "type": "TEMPLATE",
                "key": "arg0",
                "value": "{{_event}}"
              },
              {
                "type": "TEMPLATE",
                "key": "arg1",
                "value": "fireRemarketingTag_other"
              }
            ]
          }
        ],
        "filter": [
          {
            "type": "EQUALS",
            "parameter": [
              {
                "type": "TEMPLATE",
                "key": "arg0",
                "value": "{{Event}}"
              },
              {
                "type": "TEMPLATE",
                "key": "arg1",
                "value": "fireRemarketingTag_other"
              }
            ]
          }
        ],
        "fingerprint": "1548188003110"
      },
      {
        "accountId": "164412618",
        "containerId": "1892935",
        "triggerId": "17",
        "name": "Remarketing Tag Product",
        "type": "CUSTOM_EVENT",
        "customEventFilter": [
          {
            "type": "EQUALS",
            "parameter": [
              {
                "type": "TEMPLATE",
                "key": "arg0",
                "value": "{{_event}}"
              },
              {
                "type": "TEMPLATE",
                "key": "arg1",
                "value": "fireRemarketingTag_product"
              }
            ]
          }
        ],
        "filter": [
          {
            "type": "EQUALS",
            "parameter": [
              {
                "type": "TEMPLATE",
                "key": "arg0",
                "value": "{{Event}}"
              },
              {
                "type": "TEMPLATE",
                "key": "arg1",
                "value": "fireRemarketingTag_product"
              }
            ]
          }
        ],
        "fingerprint": "1470859507415"
      },
      {
        "accountId": "565186682",
        "containerId": "2739889",
        "triggerId": "235",
        "name": "Remarketing Tag Checkout",
        "type": "CUSTOM_EVENT",
        "customEventFilter": [
          {
            "type": "EQUALS",
            "parameter": [
              {
                "type": "TEMPLATE",
                "key": "arg0",
                "value": "{{_event}}"
              },
              {
                "type": "TEMPLATE",
                "key": "arg1",
                "value": "fireRemarketingTag_checkout"
              }
            ]
          }
        ],
        "filter": [
          {
            "type": "EQUALS",
            "parameter": [
              {
                "type": "TEMPLATE",
                "key": "arg0",
                "value": "{{Event}}"
              },
              {
                "type": "TEMPLATE",
                "key": "arg1",
                "value": "fireRemarketingTag_checkout"
              }
            ]
          }
        ],
        "fingerprint": "1676558553653"
      },
      {
        "accountId": "164412618",
        "containerId": "1892935",
        "triggerId": "19",
        "name": "Remarketing Tag Purchase",
        "type": "CUSTOM_EVENT",
        "customEventFilter": [
          {
            "type": "EQUALS",
            "parameter": [
              {
                "type": "TEMPLATE",
                "key": "arg0",
                "value": "{{_event}}"
              },
              {
                "type": "TEMPLATE",
                "key": "arg1",
                "value": "fireRemarketingTag_purchase"
              }
            ]
          }
        ],
        "filter": [
          {
            "type": "EQUALS",
            "parameter": [
              {
                "type": "TEMPLATE",
                "key": "arg0",
                "value": "{{Event}}"
              },
              {
                "type": "TEMPLATE",
                "key": "arg1",
                "value": "fireRemarketingTag_purchase"
              }
            ]
          }
        ],
        "fingerprint": "1470860659377"
      }
    ],
    "variable": [
      {
        "accountId": "164412618",
        "containerId": "1892935",
        "variableId": "3",
        "name": "google_tag_params",
        "type": "v",
        "parameter": [
          {
            "type": "INTEGER",
            "key": "dataLayerVersion",
            "value": "2"
          },
          {
            "type": "BOOLEAN",
            "key": "setDefaultValue",
            "value": "false"
          },
          {
            "type": "TEMPLATE",
            "key": "name",
            "value": "google_tag_params"
          }
        ],
        "fingerprint": "1454016843185"
      },
      {
        "accountId": "164412618",
        "containerId": "1892935",
        "variableId": "13",
        "name": "conversionID",
        "type": "c",
        "parameter": [
          {
            "type": "TEMPLATE",
            "key": "value",
            "value": "XXXXXXXXXX"
          }
        ],
        "fingerprint": "1471117839585"
      }
    ],
    "builtInVariable": [
      {
        "accountId": "164412618",
        "containerId": "1892935",
        "type": "PAGE_URL",
        "name": "Page URL"
      },
      {
        "accountId": "164412618",
        "containerId": "1892935",
        "type": "PAGE_HOSTNAME",
        "name": "Page Hostname"
      },
      {
        "accountId": "164412618",
        "containerId": "1892935",
        "type": "PAGE_PATH",
        "name": "Page Path"
      },
      {
        "accountId": "164412618",
        "containerId": "1892935",
        "type": "REFERRER",
        "name": "Referrer"
      },
      {
        "accountId": "164412618",
        "containerId": "1892935",
        "type": "EVENT",
        "name": "Event"
      }
    ],
    "fingerprint": "1471457476029",
    "tagManagerUrl": "https://tagmanager.google.com/#/versions/accounts/164412618/containers/1892935/versions/61?apiLink=version"
  }
}
