{
  "exportFormatVersion": 2,
  "exportTime": "2020-03-24 14:17:18",
  "containerVersion": {
    "path": "accounts/565186682/containers/2739889/versions/0",
    "accountId": "565186682",
    "containerId": "2739889",
    "containerVersionId": "0",
    "container": {
      "path": "accounts/565186682/containers/2739889",
      "accountId": "565186682",
      "containerId": "2739889",
      "name": "magento2.scommerce-mage.co.uk",
      "publicId": "GTM-XXXXX",
      "usageContext": [
        "WEB"
      ],
      "fingerprint": "1577705654016",
      "tagManagerUrl": "https://tagmanager.google.com/#/container/accounts/565186682/containers/2739889/workspaces?apiLink=container"
    },
    "tag": [
      {
        "accountId": "565186682",
        "containerId": "2739889",
        "tagId": "87",
        "name": "Google Ads Conversion Tracking",
        "type": "awct",
        "parameter": [
          {
            "type": "BOOLEAN",
            "key": "enableConversionLinker",
            "value": "true"
          },
          {
            "type": "TEMPLATE",
            "key": "orderId",
            "value": "{{Ecommerce Transaction ID}}"
          },
          {
            "type": "BOOLEAN",
            "key": "enableProductReporting",
            "value": "false"
          },
          {
            "type": "TEMPLATE",
            "key": "conversionValue",
            "value": "{{Ecommerce Value}}"
          },
          {
            "type": "TEMPLATE",
            "key": "conversionCookiePrefix",
            "value": "_gcl"
          },
          {
            "type": "TEMPLATE",
            "key": "conversionId",
            "value": "1234567890"
          },
          {
            "type": "TEMPLATE",
            "key": "currencyCode",
            "value": "{{Ecommerce Currency}}"
          },
          {
            "type": "TEMPLATE",
            "key": "conversionLabel",
            "value": "XXXXXXXXXXXXXXXXXXXXXXXX"
          },
          {
            "type": "BOOLEAN",
            "key": "rdp",
            "value": "false"
          }
        ],
        "fingerprint": "1585059149189",
        "firingTriggerId": [
          "223"
        ],
        "tagFiringOption": "ONCE_PER_EVENT",
        "monitoringMetadata": {
          "type": "MAP"
        }
      },
      {
        "accountId": "565186682",
        "containerId": "2739889",
        "tagId": "188",
        "name": "Conversion Linker Tag",
        "type": "gclidw",
        "parameter": [
          {
            "type": "BOOLEAN",
            "key": "enableCrossDomain",
            "value": "false"
          },
          {
            "type": "BOOLEAN",
            "key": "enableUrlPassthrough",
            "value": "false"
          },
          {
            "type": "BOOLEAN",
            "key": "enableCookieOverrides",
            "value": "false"
          }
        ],
        "fingerprint": "1649331828311",
        "firingTriggerId": [
          "2147479553"
        ],
        "tagFiringOption": "ONCE_PER_EVENT",
        "monitoringMetadata": {
          "type": "MAP"
        },
        "consentSettings": {
          "consentStatus": "NOT_SET"
        }
      }
    ],
    "trigger": [
      {
        "accountId": "565186682",
        "containerId": "2739889",
        "triggerId": "223",
        "name": "purchase",
        "type": "CUSTOM_EVENT",
        "customEventFilter": [
          {
            "type": "EQUALS",
            "parameter": [
              {
                "type": "TEMPLATE",
                "key": "arg0",
                "value": "{{_event}}"
              },
              {
                "type": "TEMPLATE",
                "key": "arg1",
                "value": "purchase"
              }
            ]
          }
        ],
        "fingerprint": "1661243829907"
      }
    ],
    "variable": [
      {
        "accountId": "565186682",
        "containerId": "2739889",
        "variableId": "194",
        "name": "Ecommerce Currency",
        "type": "v",
        "parameter": [
          {
            "type": "INTEGER",
            "key": "dataLayerVersion",
            "value": "2"
          },
          {
            "type": "BOOLEAN",
            "key": "setDefaultValue",
            "value": "false"
          },
          {
            "type": "TEMPLATE",
            "key": "name",
            "value": "ecommerce.currency"
          }
        ],
        "fingerprint": "1661243829815",
        "formatValue": {}
      },
      {
        "accountId": "565186682",
        "containerId": "2739889",
        "variableId": "195",
        "name": "Ecommerce Value",
        "type": "v",
        "parameter": [
          {
            "type": "INTEGER",
            "key": "dataLayerVersion",
            "value": "2"
          },
          {
            "type": "BOOLEAN",
            "key": "setDefaultValue",
            "value": "false"
          },
          {
            "type": "TEMPLATE",
            "key": "name",
            "value": "ecommerce.value"
          }
        ],
        "fingerprint": "1661243829816",
        "formatValue": {}
      },
      {
        "accountId": "565186682",
        "containerId": "2739889",
        "variableId": "204",
        "name": "Ecommerce Transaction ID",
        "type": "v",
        "parameter": [
          {
            "type": "INTEGER",
            "key": "dataLayerVersion",
            "value": "2"
          },
          {
            "type": "BOOLEAN",
            "key": "setDefaultValue",
            "value": "false"
          },
          {
            "type": "TEMPLATE",
            "key": "name",
            "value": "ecommerce.transaction_id"
          }
        ],
        "fingerprint": "1661243829820",
        "formatValue": {}
      }
    ],
    "builtInVariable": [
      {
        "accountId": "565186682",
        "containerId": "2739889",
        "type": "PAGE_URL",
        "name": "Page URL"
      },
      {
        "accountId": "565186682",
        "containerId": "2739889",
        "type": "PAGE_HOSTNAME",
        "name": "Page Hostname"
      },
      {
        "accountId": "565186682",
        "containerId": "2739889",
        "type": "PAGE_PATH",
        "name": "Page Path"
      },
      {
        "accountId": "565186682",
        "containerId": "2739889",
        "type": "REFERRER",
        "name": "Referrer"
      },
      {
        "accountId": "565186682",
        "containerId": "2739889",
        "type": "EVENT",
        "name": "Event"
      }
    ],
    "fingerprint": "1585059438883",
    "tagManagerUrl": "https://tagmanager.google.com/#/versions/accounts/565186682/containers/2739889/versions/0?apiLink=version"
  }
}
